{
    "5" : [
        45.61585972210818,
        45.59630852286199,
        45.55497346422796,
        45.50460051511207,
        45.504393449187525
    ],
    "10": [
        45.59838764101301,
        45.80264556080759,
        45.54605161278569,
        45.74607269965873,
        45.78335317278638,
        45.73707584579288,
        45.65855618513631,
        45.59797180221424,
        45.68588214869841,
        45.64834342161723
    ],
    "20" : [
        40.187434193076506,
        41.05629639361492,
        39.5685445897929,
        40.54196498795904,
        39.37984618232081,
        42.06505781842197,
        42.409720307894574,
        38.62898023355081,
        41.783660917234926,
        40.85451299377786,
        39.90789258391632,
        41.51754946816019,
        39.737257255029746,
        40.19858099009105,
        41.265531314348436,
        39.25648222662767,
        39.081735541711936,
        38.909597441304875,
        40.54623893087677,
        38.78720177490235
    ],
    "50" : [
        15.133309321815876,
        19.72374916913707,
        19.819209173915542,
        19.824277603324134,
        15.040398510398932,
        14.918737636096184,
        14.956044186136944,
        15.180311742881951,
        14.8070931899217,
        15.11149259234633,
        15.094521896113463,
        19.761322743899186,
        14.993020748841415,
        19.332039375497803,
        19.83229808737317,
        19.781845804468322,
        19.835523836348994,
        15.988820616624855,
        14.879158910905083,
        15.214470787455365,
        15.963730404520929,
        15.072294259415285,
        19.67094444138452,
        19.61772893399223,
        14.937189119751444,
        18.649305406620133,
        17.42564043585012,
        15.01172415656628,
        14.976830842686365,
        18.63293856347497,
        15.253435836422153,
        17.720881932852034,
        14.865445420773865,
        14.83252594950415,
        15.158910862572347,
        15.406089102656933,
        19.458092134066256,
        19.664020544968665,
        15.039719900256578,
        19.549730604712266,
        18.605897325216198,
        16.87253977279438,
        15.528987183926878,
        15.306598827820663,
        14.783451995174682,
        14.848735927110527,
        19.785916384717357,
        16.921561792467198,
        19.798530157121135,
        14.897734501514353
    ], 
    "100" : [
        8.803537613554631,
        11.243939516600552,
        8.820255540443519,
        11.225902197694873,
        10.530982677586595,
        11.233973332794102,
        8.928037340623373,
        11.22600301530441,
        8.861925005073452,
        11.230844391035541,
        8.880505691516099,
        11.242270938729623,
        11.234250984401243,
        11.2297345403052,
        9.17339458714679,
        11.222374721825387,
        8.949667072384909,
        8.93421913137948,
        9.67942705535374,
        11.235084021575856,
        11.227729797945774,
        9.997480634880011,
        11.23416263921936,
        11.220397785542293,
        8.970999450077734,
        8.839075786235792,
        9.877469984838084,
        8.961496928446929,
        11.214169327228339,
        9.80868166414093,
        11.228637517123671,
        11.227364230291204,
        10.959744857139727,
        11.232862863593729,
        11.21440827174754,
        9.028122601904933,
        11.220208942730931,
        10.126920697096713,
        11.227679373405671,
        11.224894121186203,
        11.218685843140335,
        11.215628305105465,
        11.22727599338938,
        9.043512862136167,
        11.213477703120935,
        11.216408259314385,
        9.03833882563056,
        8.821718364876858,
        11.213414832432335,
        11.221556160522116,
        8.989725642563114,
        11.140075306909075,
        11.214760419073167,
        11.21482330485142,
        11.213150783238582,
        11.214169327228339,
        8.940849130323604,
        8.907947938389068,
        10.310692084584794,
        9.983078681634629,
        11.216861185734396,
        8.94503988593285,
        9.40762977590085,
        8.86230198294007,
        11.210071127901307,
        11.205787565161655,
        11.220624405306907,
        10.708724826465115,
        10.214817614431494,
        8.889908265036611,
        11.222525853893936,
        10.40401928072853,
        8.958518476048503,
        11.214056146536313,
        11.216710206196783,
        10.943469320530934,
        11.21201928467317,
        8.900114900483366,
        9.408877840775443,
        11.21362859565001,
        8.92559888537121,
        11.21507485501712,
        10.006724518876686,
        11.218069168370878,
        11.206465682440141,
        11.21312563634488,
        11.214508883012487,
        8.847255669763795,
        8.98938623167626,
        11.210624084232146,
        8.920009812010793,
        8.878439951559232,
        11.211403342567793,
        11.198032729610063,
        11.20688012784809,
        8.93796427138162,
        8.91534169830127,
        11.218497057949147,
        11.209216666311708,
        8.91407809267254
    ]
}